{
	"point24": {
		"x": 670.7,
		"y": 201.7
	},
	"point23": {
		"x": 676.25,
		"y": 102.3
	},
	"point22": {
		"x": 565.25,
		"y": 72.3
	},
	"point17": {
		"x": 488.95,
		"y": 83.4
	},
	"point16": {
		"x": 400.55,
		"y": 65.3
	},
	"point15": {
		"x": 426.35,
		"y": 187.85
	},
	"point7": {
		"x": 193.95,
		"y": 353.65
	},
	"point19": {
		"x": 577.05,
		"y": 335
	},
	"point18": {
		"x": 496.9,
		"y": 236.05
	},
	"point14": {
		"x": 474.6,
		"y": 372.05
	},
	"point12": {
		"x": 353.1,
		"y": 233.85
	},
	"point13": {
		"x": 364.85,
		"y": 345.1
	},
	"point20": {
		"x": 651.75,
		"y": 321.9
	},
	"point21": {
		"x": 583.15,
		"y": 187.85
	},
	"point11": {
		"x": 337.95,
		"y": 122
	},
	"point10": {
		"x": 268.75,
		"y": 42.3
	},
	"point9": {
		"x": 280.85,
		"y": 196.65
	},
	"point8": {
		"x": 275.35,
		"y": 321.9
	},
	"point6": {
		"x": 202.75,
		"y": 242.2
	},
	"point5": {
		"x": 193.5,
		"y": 135
	},
	"point4": {
		"x": 140.9,
		"y": 91
	},
	"point3": {
		"x": 129.1,
		"y": 200
	},
	"point2": {
		"x": 87.5,
		"y": 357.6
	},
	"point1": {
		"x": 46.25,
		"y": 231.65
	},
	"point0": {
		"x": 42.8,
		"y": 142.2
	},
	"bike11": {
        "driver_head": {
            "x": 20.1,
            "y": -56.55,
            "r": 47.00189208984375,
            "g": "driver_head1"
        },
        "driver_forearm": {
            "x": 19,
            "y": -31.5,
            "r": 25.82525634765625,
            "g": "driver_forearm1"
        },
        "driver_arm": {
            "x": 7.9,
            "y": -40.7,
            "r": 59.82405090332031,
            "g": "driver_arm1"
        },
        "driver_shin": {
            "x": -34.45,
            "y": -48.55,
            "r": 117.83747863769531,
            "g": "driver_shin1"
        },
        "driver_hip": {
            "x": -17.8,
            "y": -47.95,
            "r": 144.83595275878906,
            "g": "driver_hip1"
        },
        "driver_corpse": {
            "x": -1.15,
            "y": -46.8,
            "r": 100.73109436035156,
            "g": "driver_corpse1"
        },
        "suspend_front": {
            "x": 40.35,
            "y": 26.75,
            "r": 78.82647705078125,
            "g": "suspend_front1"
        },
        "base": {
            "x": 0.5,
            "y": -1.2,
            "r": 15.826858520507812,
            "g": "bike_1_base"
        },
        "suspend_back": {
            "x": -8.5,
            "y": 8.7,
            "r": -174.4778289794922,
            "g": "suspend_back1"
        },
        "Wheel0": {
            "x": -37.8,
            "y": 5.6,
            "r": 15.826858520507812,
            "g": "Wheel_1_0"
        },
        "Wheel1": {
            "x": 38.15,
            "y": 27.15,
            "r": 15.826858520507812,
            "g": "Wheel_1_0"
        }
    },
   "bike1": [
        {
            "x": -35,
            "y": 17,
            "r": 0,
            "g": "Wheel_1_0"
        },
        {
            "x": 44,
            "y": 17,
            "r": 0,
            "g": "Wheel_1_0"
        },
        {
            "x": -6,
            "y": 12,
            "r": 169.69569396972656,
            "g": "suspend_back1"
        },
        {
            "x": 0,
            "y": 0,
            "r": 0,
            "g": "bike_1_base"
        },
        {
            "x": 46,
            "y": 16,
            "r": 63.00018310546875,
            "g": "suspend_front1"
        },
        {
            "x": -8.35,
            "y": -33.75,
            "r": 15.732131958007812,
            "g": "driver_corpse1"
        },
        {
            "x": -1.8,
            "y": -59.5,
            "r": 14.998931884765625,
            "g": "driver_head1"
        },
        {
            "x": 8.8,
            "y": -33.35,
            "r": 11.00091552734375,
            "g": "driver_forearm1"
        },
        {
            "x": -4.25,
            "y": -39.4,
            "r": 44.99913024902344,
            "g": "driver_arm1"
        },
        {
            "x": -1.8,
            "y": -2.7,
            "r": 3.0003509521484375,
            "g": "driver_shin1"
        },
        {
            "x": -7.4,
            "y": -18.5,
            "r": 29.9998779296875,
            "g": "driver_hip1"
        }
    ],
   "bike2": [
        {
            "x": 0,
            "y": 0,
            "r": 0,
            "g": "bike_2_base"
        },
         {
            "x": -8.35,
            "y": -33.75,
            "r": 15.732131958007812,
            "g": "driver_corpse2"
        },
        {
            "x": -1.8,
            "y": -59.5,
            "r": 14.998931884765625,
            "g": "driver_head2"
        },
        {
            "x": 8.8,
            "y": -33.35,
            "r": 11.00091552734375,
            "g": "driver_forearm2"
        },
        {
            "x": -4.25,
            "y": -39.4,
            "r": 44.99913024902344,
            "g": "driver_arm2"
        },
        {
            "x": -1.8,
            "y": -2.7,
            "r": 3.0003509521484375,
            "g": "driver_shin2"
        },
        {
            "x": -7.4,
            "y": -18.5,
            "r": 29.9998779296875,
            "g": "driver_hip2"
        },
         {
            "x": -35,
            "y": 17,
            "r": 0,
            "g": "Wheel_2_0"
        },
        {
            "x": 44,
            "y": 17,
            "r": 0,
            "g": "Wheel_2_0"
        }
    ],
    "bike3": [
        {
            "x": -34,
            "y": 17,
            "r": 0,
            "g": "Wheel_3_0"
        },
        {
            "x": 46,
            "y": 16,
            "r": 0,
            "g": "Wheel_3_0"
        },
        {
            "x": 0,
            "y": 0,
            "r": 0,
            "g": "bike_3_base"
        },
        {
            "x": 46,
            "y": 16,
            "r": 63.00018310546875,
            "g": "suspend_front3"
        },
        {
            "x": -6,
            "y": 12,
            "r": 169.69569396972656,
            "g": "suspend_back3"
        },
        {
            "x": -8.35,
            "y": -33.75,
            "r": 15.732131958007812,
            "g": "driver_corpse3"
        },
        {
            "x": -1.8,
            "y": -59.5,
            "r": 14.998931884765625,
            "g": "driver_head3"
        },
        {
            "x": 8.8,
            "y": -33.35,
            "r": 11.00091552734375,
            "g": "driver_forearm3"
        },
        {
            "x": -4.25,
            "y": -39.4,
            "r": 44.99913024902344,
            "g": "driver_arm3"
        },
        {
            "x": -1.8,
            "y": -2.7,
            "r": 3.0003509521484375,
            "g": "driver_shin3"
        },
        {
            "x": -7.4,
            "y": -18.5,
            "r": 29.9998779296875,
            "g": "driver_hip3"
        }
    ],
    "bike4": [
        {
            "x": -34,
            "y": 17,
            "r": 0,
            "g": "Wheel_4_0"
        },
        {
            "x": 47,
            "y": 17,
            "r": 0,
            "g": "Wheel_4_0"
        },
        {
            "x": 0,
            "y": 0,
            "r": 0,
            "g": "bike_4_base"
        },
        {
            "x": 46,
            "y": 16,
            "r": 63.00018310546875,
            "g": "suspend_front4"
        },
        {
            "x": -6,
            "y": 12,
            "r": 169.69569396972656,
            "g": "suspend_back4"
        },
        {
            "x": -8.35,
            "y": -33.75,
            "r": 15.732131958007812,
            "g": "driver_corpse4"
        },
        {
            "x": -1.8,
            "y": -59.5,
            "r": 14.998931884765625,
            "g": "driver_head4"
        },
        {
            "x": 8.8,
            "y": -33.35,
            "r": 11.00091552734375,
            "g": "driver_forearm4"
        },
       {
            "x": -4.25,
            "y": -39.4,